{
  "std": [
    1.0322654466374592,
    1.078564815889695
  ],
  "action_dim": 2
}
