{
  "obs": [
    0.5,
    -0.25,
    0.10000000149011612,
    0.75,
    -0.6000000238418579
  ],
  "output": [
    0.019622107967734337,
    0.1001502275466919
  ],
  "squashed": [
    0.019619589671492577,
    0.09981672465801239
  ]
}