{
  "obs": [
    0.5,
    -0.25,
    0.10000000149011612,
    0.75,
    -0.6000000238418579
  ],
  "output": [
    0.7553049325942993,
    -0.244791179895401,
    -0.12833791971206665
  ],
  "squashed": [
    0.6383031606674194,
    -0.24001607298851013,
    -0.12763792276382446
  ]
}