{
  "obs_size": 6,
  "mean": [
    0.6330288878438535,
    0.5605131828641491,
    0.47758115547715796,
    0.4268518468313454,
    0.5741439409273232,
    0.5028290461895184
  ],
  "var": [
    3.9948679428394596,
    4.012077084263025,
    4.091250101989923,
    4.006885372342398,
    4.105627730474317,
    3.9510248143394295
  ],
  "epsilon": 1e-08,
  "clip_obs": 10.0
}
