{
  "obs": [
    0.5,
    -0.25,
    0.10000000149011612,
    0.75,
    -0.6000000238418579
  ],
  "output": [
    1.7039023637771606,
    25.009092330932617,
    9.30154037475586,
    -2.7031426429748535
  ],
  "argmax": 1
}