{
  "obs_size": 5,
  "hidden": 8,
  "n_actions": 4,
  "steps": [
    {
      "obs": [
        -0.4578652083873749,
        -0.6228587031364441,
        0.1352900266647339,
        0.843902587890625,
        -0.14849868416786194
      ],
      "logits": [
        -0.18309175968170166,
        0.3110365867614746,
        -0.28886041045188904,
        -0.36250412464141846
      ],
      "argmax": 1
    },
    {
      "obs": [
        0.26248377561569214,
        0.5316680669784546,
        0.6898072957992554,
        -0.8918986916542053,
        0.4688204228878021
      ],
      "logits": [
        -0.2097897231578827,
        0.3031684160232544,
        -0.313353955745697,
        -0.31469064950942993
      ],
      "argmax": 1
    },
    {
      "obs": [
        -0.0177876278758049,
        -0.6014297008514404,
        -0.6776350140571594,
        -0.22721533477306366,
        -0.9935554265975952
      ],
      "logits": [
        -0.15110047161579132,
        0.34479036927223206,
        -0.2830730080604553,
        -0.33983951807022095
      ],
      "argmax": 1
    },
    {
      "obs": [
        -1.4589028358459473,
        0.06375738233327866,
        0.774517834186554,
        -0.2411317080259323,
        0.7400469183921814
      ],
      "logits": [
        -0.17563599348068237,
        0.3897170424461365,
        -0.2969537079334259,
        -0.3972848355770111
      ],
      "argmax": 1
    }
  ]
}